-- MySQL Script generated by MySQL Workbench
-- Mon May  1 21:33:04 2017
-- Model: New Model    Version: 1.0
-- MySQL Workbench Forward Engineering

SET @OLD_UNIQUE_CHECKS=@@UNIQUE_CHECKS, UNIQUE_CHECKS=0;
SET @OLD_FOREIGN_KEY_CHECKS=@@FOREIGN_KEY_CHECKS, FOREIGN_KEY_CHECKS=0;
SET @OLD_SQL_MODE=@@SQL_MODE, SQL_MODE='TRADITIONAL,ALLOW_INVALID_DATES';

-- -----------------------------------------------------
-- Schema mobileapp
-- -----------------------------------------------------

-- -----------------------------------------------------
-- Schema mobileapp
-- -----------------------------------------------------
CREATE SCHEMA IF NOT EXISTS `mobileapp` DEFAULT CHARACTER SET utf8 ;
USE `mobileapp` ;

-- -----------------------------------------------------
-- Table `mobileapp`.`parent`
-- -----------------------------------------------------
CREATE TABLE IF NOT EXISTS `mobileapp`.`parent` (
  `parent_id` INT NOT NULL AUTO_INCREMENT,
  `firstname` VARCHAR(45) NOT NULL,
  `lastname` VARCHAR(45) NOT NULL,
  `dob` DATE NOT NULL,
  `address` TEXT NOT NULL,
  PRIMARY KEY (`parent_id`))
ENGINE = InnoDB;


-- -----------------------------------------------------
-- Table `mobileapp`.`school`
-- -----------------------------------------------------
CREATE TABLE IF NOT EXISTS `mobileapp`.`school` (
  `school_id` INT NOT NULL AUTO_INCREMENT,
  `s_name` VARCHAR(100) NOT NULL,
  PRIMARY KEY (`school_id`))
ENGINE = InnoDB;


-- -----------------------------------------------------
-- Table `mobileapp`.`department`
-- -----------------------------------------------------
CREATE TABLE IF NOT EXISTS `mobileapp`.`department` (
  `department_id` INT NOT NULL AUTO_INCREMENT,
  `school_id` INT NOT NULL,
  `d_name` VARCHAR(100) NOT NULL,
  PRIMARY KEY (`department_id`),
  INDEX `fk_department_school1_idx` (`school_id` ASC),
  CONSTRAINT `fk_department_school1`
    FOREIGN KEY (`school_id`)
    REFERENCES `mobileapp`.`school` (`school_id`)
    ON DELETE NO ACTION
    ON UPDATE NO ACTION)
ENGINE = InnoDB;


-- -----------------------------------------------------
-- Table `mobileapp`.`student`
-- -----------------------------------------------------
CREATE TABLE IF NOT EXISTS `mobileapp`.`student` (
  `student_id` INT NOT NULL AUTO_INCREMENT,
  `firstname` VARCHAR(45) NOT NULL,
  `lastname` VARCHAR(45) NOT NULL,
  `dob` DATE NOT NULL,
  `address` TEXT NOT NULL,
  `degree` VARCHAR(15) NOT NULL,
  `status` VARCHAR(45) NOT NULL DEFAULT 'Active',
  `imgPath` VARCHAR(45) NOT NULL DEFAULT 'user-icon.png',
  `parent_id` INT NOT NULL,
  `school_id` INT NOT NULL,
  `department_id` INT NOT NULL,
  PRIMARY KEY (`student_id`),
  INDEX `fk_student_parent_idx` (`parent_id` ASC),
  INDEX `fk_student_school1_idx` (`school_id` ASC),
  INDEX `fk_student_department1_idx` (`department_id` ASC),
  CONSTRAINT `fk_student_parent`
    FOREIGN KEY (`parent_id`)
    REFERENCES `mobileapp`.`parent` (`parent_id`)
    ON DELETE NO ACTION
    ON UPDATE NO ACTION,
  CONSTRAINT `fk_student_school1`
    FOREIGN KEY (`school_id`)
    REFERENCES `mobileapp`.`school` (`school_id`)
    ON DELETE NO ACTION
    ON UPDATE NO ACTION,
  CONSTRAINT `fk_student_department1`
    FOREIGN KEY (`department_id`)
    REFERENCES `mobileapp`.`department` (`department_id`)
    ON DELETE NO ACTION
    ON UPDATE NO ACTION)
ENGINE = InnoDB;


SET SQL_MODE=@OLD_SQL_MODE;
SET FOREIGN_KEY_CHECKS=@OLD_FOREIGN_KEY_CHECKS;
SET UNIQUE_CHECKS=@OLD_UNIQUE_CHECKS;

-- -----------------------------------------------------
-- Data for table `mobileapp`.`parent`
-- -----------------------------------------------------
START TRANSACTION;
USE `mobileapp`;
INSERT INTO `mobileapp`.`parent` (`parent_id`, `firstname`, `lastname`, `dob`, `address`) VALUES (1, 'กล้ากาญ', 'จริยาเสถียร', '1970/07/08', 'เลขที่ 2 ถนนนางลิ้นจี่ แขวงทุ่งมหาเมฆ เขตสาทร กรุงเทพมหานคร 10120');
INSERT INTO `mobileapp`.`parent` (`parent_id`, `firstname`, `lastname`, `dob`, `address`) VALUES (2, 'แข็งแกร่ง', 'เจริญเสาร์', '1957/04/27', 'เลขที่ 119 ถนนพระราม 4 คลองเตย กทม. 10110');
INSERT INTO `mobileapp`.`parent` (`parent_id`, `firstname`, `lastname`, `dob`, `address`) VALUES (3, 'ฐาปนภัทร', 'นำชนะ', '1964/09/11', 'เลขที่ 9/1 หมู่ 5 ถนนพหลโยธิน ต. คลองหนึ่ง อ. คลองหลวง ปทุมธานี 12120');
INSERT INTO `mobileapp`.`parent` (`parent_id`, `firstname`, `lastname`, `dob`, `address`) VALUES (4, 'กล้ากาญ', 'เจริญสุข', '1971/01/09', 'เลขที่ 119 ถนนพระราม 4 คลองเตย กทม. 10110');

COMMIT;


-- -----------------------------------------------------
-- Data for table `mobileapp`.`school`
-- -----------------------------------------------------
START TRANSACTION;
USE `mobileapp`;
INSERT INTO `mobileapp`.`school` (`school_id`, `s_name`) VALUES (1, 'บัญชี');
INSERT INTO `mobileapp`.`school` (`school_id`, `s_name`) VALUES (2, 'บริหารธุรกิจ');
INSERT INTO `mobileapp`.`school` (`school_id`, `s_name`) VALUES (3, 'นิเทศศาสตร์');
INSERT INTO `mobileapp`.`school` (`school_id`, `s_name`) VALUES (4, 'นิติศาสตร์');
INSERT INTO `mobileapp`.`school` (`school_id`, `s_name`) VALUES (5, 'มนุษยศาสตร์และการจัดการการท่องเที่ยว');
INSERT INTO `mobileapp`.`school` (`school_id`, `s_name`) VALUES (6, 'เศรษฐศาสตร์');
INSERT INTO `mobileapp`.`school` (`school_id`, `s_name`) VALUES (7, 'วิทยาศาสตร์และเทคโนโลยี');
INSERT INTO `mobileapp`.`school` (`school_id`, `s_name`) VALUES (8, 'ศิลปกรรมศาสตร์');
INSERT INTO `mobileapp`.`school` (`school_id`, `s_name`) VALUES (9, 'วิศวกรรมศาสตร์');
INSERT INTO `mobileapp`.`school` (`school_id`, `s_name`) VALUES (10, 'สถาปัตยกรรมศาสตร์');
INSERT INTO `mobileapp`.`school` (`school_id`, `s_name`) VALUES (11, 'การสร้างเจ้าของธุรกิจและการบริหารกิจการ');
INSERT INTO `mobileapp`.`school` (`school_id`, `s_name`) VALUES (12, 'ดิจิทัลมีเดียและศิลปะภาพยนตร์');

COMMIT;


-- -----------------------------------------------------
-- Data for table `mobileapp`.`department`
-- -----------------------------------------------------
START TRANSACTION;
USE `mobileapp`;
INSERT INTO `mobileapp`.`department` (`department_id`, `school_id`, `d_name`) VALUES (1, 1, 'บัญชี');
INSERT INTO `mobileapp`.`department` (`department_id`, `school_id`, `d_name`) VALUES (2, 2, 'การตลาด');
INSERT INTO `mobileapp`.`department` (`department_id`, `school_id`, `d_name`) VALUES (3, 2, 'การเงิน');
INSERT INTO `mobileapp`.`department` (`department_id`, `school_id`, `d_name`) VALUES (4, 2, 'การจัดการ');
INSERT INTO `mobileapp`.`department` (`department_id`, `school_id`, `d_name`) VALUES (5, 2, 'การจัดการธุรกิจระหว่างประเทศ');
INSERT INTO `mobileapp`.`department` (`department_id`, `school_id`, `d_name`) VALUES (6, 2, 'คอมพิวเตอร์ธุรกิจ');
INSERT INTO `mobileapp`.`department` (`department_id`, `school_id`, `d_name`) VALUES (7, 2, 'การจัดการการโลจิสติกส์');
INSERT INTO `mobileapp`.`department` (`department_id`, `school_id`, `d_name`) VALUES (8, 2, 'การตลาดดิจิทัล');
INSERT INTO `mobileapp`.`department` (`department_id`, `school_id`, `d_name`) VALUES (9, 2, 'การตลาดสำหรับธุรกิจบริหารและบันเทิง');
INSERT INTO `mobileapp`.`department` (`department_id`, `school_id`, `d_name`) VALUES (10, 2, 'การวิชาวางแผนการเงินและการเงิน');
INSERT INTO `mobileapp`.`department` (`department_id`, `school_id`, `d_name`) VALUES (11, 2, 'การจัดการธุรกิจระหว่างประเทศ');
INSERT INTO `mobileapp`.`department` (`department_id`, `school_id`, `d_name`) VALUES (12, 3, 'การประชาสัมพันธ์');
INSERT INTO `mobileapp`.`department` (`department_id`, `school_id`, `d_name`) VALUES (13, 3, 'วารสารศาสตร์');
INSERT INTO `mobileapp`.`department` (`department_id`, `school_id`, `d_name`) VALUES (14, 3, 'การโฆษณา');
INSERT INTO `mobileapp`.`department` (`department_id`, `school_id`, `d_name`) VALUES (15, 3, 'ศิลปะการแสดง');
INSERT INTO `mobileapp`.`department` (`department_id`, `school_id`, `d_name`) VALUES (16, 3, 'วิทยุกระจายเสียงและวิทยุโทรทัศน์');
INSERT INTO `mobileapp`.`department` (`department_id`, `school_id`, `d_name`) VALUES (17, 3, 'การสื่อสารตรา');
INSERT INTO `mobileapp`.`department` (`department_id`, `school_id`, `d_name`) VALUES (18, 4, 'นิติศาสตร์');
INSERT INTO `mobileapp`.`department` (`department_id`, `school_id`, `d_name`) VALUES (19, 5, 'ภาษาอังกฤษ');
INSERT INTO `mobileapp`.`department` (`department_id`, `school_id`, `d_name`) VALUES (20, 5, 'ภาษาไทย');
INSERT INTO `mobileapp`.`department` (`department_id`, `school_id`, `d_name`) VALUES (21, 5, 'การจัดการการท่องเที่ยวและธุรกิจไมซ์');
INSERT INTO `mobileapp`.`department` (`department_id`, `school_id`, `d_name`) VALUES (22, 5, 'การจัดการธุรกิจสายการบิน');
INSERT INTO `mobileapp`.`department` (`department_id`, `school_id`, `d_name`) VALUES (23, 6, 'วิชาเศรษฐศาสตร์');
INSERT INTO `mobileapp`.`department` (`department_id`, `school_id`, `d_name`) VALUES (24, 7, 'วิทยาการคอมพิวเตอร์');
INSERT INTO `mobileapp`.`department` (`department_id`, `school_id`, `d_name`) VALUES (25, 7, 'เทคโนโลยีสารสนเทศ');
INSERT INTO `mobileapp`.`department` (`department_id`, `school_id`, `d_name`) VALUES (26, 7, 'วิศวกรรมซอฟต์แวร์');
INSERT INTO `mobileapp`.`department` (`department_id`, `school_id`, `d_name`) VALUES (27, 7, 'เกมและสื่ออินเทอร์แอคทีฟ');
INSERT INTO `mobileapp`.`department` (`department_id`, `school_id`, `d_name`) VALUES (28, 8, 'ออกแบบนิเทศศิลป์');
INSERT INTO `mobileapp`.`department` (`department_id`, `school_id`, `d_name`) VALUES (29, 8, 'ทัศนศิลป์');
INSERT INTO `mobileapp`.`department` (`department_id`, `school_id`, `d_name`) VALUES (30, 8, 'ออกแบบแฟชั่น');
INSERT INTO `mobileapp`.`department` (`department_id`, `school_id`, `d_name`) VALUES (31, 8, 'การออกแบบผลิตภัณฑ์');
INSERT INTO `mobileapp`.`department` (`department_id`, `school_id`, `d_name`) VALUES (32, 9, 'วิศวกรรมอิเล็กทรอนิกส์');
INSERT INTO `mobileapp`.`department` (`department_id`, `school_id`, `d_name`) VALUES (33, 9, 'วิศวกรรมไฟฟ้า');
INSERT INTO `mobileapp`.`department` (`department_id`, `school_id`, `d_name`) VALUES (34, 9, 'วิศวกรรมคอมพิวเตอร์');
INSERT INTO `mobileapp`.`department` (`department_id`, `school_id`, `d_name`) VALUES (35, 9, 'วิศวกรรมมัลติมีเดียและระบบอินเทอร์เน็ต');
INSERT INTO `mobileapp`.`department` (`department_id`, `school_id`, `d_name`) VALUES (36, 10, 'การออกแบบภายใน');
INSERT INTO `mobileapp`.`department` (`department_id`, `school_id`, `d_name`) VALUES (37, 10, 'สถาปัตยกรรม');
INSERT INTO `mobileapp`.`department` (`department_id`, `school_id`, `d_name`) VALUES (38, 11, 'การเป็นเจ้าของธุรกิจ');
INSERT INTO `mobileapp`.`department` (`department_id`, `school_id`, `d_name`) VALUES (39, 12, 'ภาพยนต์');
INSERT INTO `mobileapp`.`department` (`department_id`, `school_id`, `d_name`) VALUES (40, 12, 'สื้อดิจิทัล');

COMMIT;


-- -----------------------------------------------------
-- Data for table `mobileapp`.`student`
-- -----------------------------------------------------
START TRANSACTION;
USE `mobileapp`;
INSERT INTO `mobileapp`.`student` (`student_id`, `firstname`, `lastname`, `dob`, `address`, `degree`, `status`, `imgPath`, `parent_id`, `school_id`, `department_id`) VALUES (1, 'กรกฤษณ์', 'จริยาเสถียร', '1995/10/25', 'เลขที่ 2 ถนนนางลิ้นจี่ แขวงทุ่งมหาเมฆ เขตสาทร กรุงเทพมหานคร 10120', 'ตรี', 'Active', 'user-icon.png', 1, 7, 26);
INSERT INTO `mobileapp`.`student` (`student_id`, `firstname`, `lastname`, `dob`, `address`, `degree`, `status`, `imgPath`, `parent_id`, `school_id`, `department_id`) VALUES (2, 'แข็งแรง', 'มากมาย', '1993/04/11', 'เลขที่ 119 ถนนพระราม 4 คลองเตย กทม. 10110', 'โทร', 'Active', 'user-icon.png', 2, 3, 13);
INSERT INTO `mobileapp`.`student` (`student_id`, `firstname`, `lastname`, `dob`, `address`, `degree`, `status`, `imgPath`, `parent_id`, `school_id`, `department_id`) VALUES (3, 'อนนท์', 'นำชนะ', '1985/06/24', 'เลขที่ 9/1 หมู่ 5 ถนนพหลโยธิน ต. คลองหนึ่ง อ. คลองหลวง ปทุมธานี 12120', 'เอก', 'Active', 'user-icon.png', 3, 1, 1);
INSERT INTO `mobileapp`.`student` (`student_id`, `firstname`, `lastname`, `dob`, `address`, `degree`, `status`, `imgPath`, `parent_id`, `school_id`, `department_id`) VALUES (4, 'อดทน', 'เกือบได้', '1994/03/04', 'เลขที่ 119 ถนนพระราม 4 คลองเตย กทม. 10110', 'ตรี', 'Active', 'user-icon.png', 4, 7, 25);

COMMIT;

